,feat1,feat2,label,dataset
0,-1.02344529918,-0.987908423547,0,Test
1,-0.735762398344,-0.699023814707,0,Val
2,-0.537826359498,-1.47815036017,0,Train
3,-1.40990359473,-1.49531930346,0,Val
4,-1.28414642527,-0.484477026091,0,Val
5,-1.8850561168,-0.481229998413,0,Val
6,-0.729244935997,-1.39951648415,0,Train
7,-0.99378942062,-1.16203790211,0,Train
8,-1.4555146598,-1.78349265974,0,Test
9,-0.81773563111,-0.773297014141,0,Train
10,-0.930208709643,-1.04659325233,0,Train
11,-1.36866727354,-0.464093967808,0,Train
12,-1.57502108064,-1.04141722572,0,Train
13,-1.34314268295,-1.64086576567,0,Train
14,-0.769212154783,-0.902538059012,0,Train
15,-0.391863080094,-1.6182626285,0,Train
16,-0.729593911676,-0.999139676349,0,Train
17,-1.16388393516,-1.43519672145,0,Test
18,-1.36932803258,-1.00946894587,0,Val
19,-0.600133907382,-0.464306215354,0,Train
20,-1.70512465193,-1.31460269082,0,Val
21,-0.553436135891,-1.67687252857,0,Train
22,-0.473669088851,-1.42835195809,0,Val
23,-1.23734070192,-0.992048102858,0,Train
24,-0.94744978594,-1.32419159801,0,Train
25,-0.693004287683,-0.734532683308,0,Train
26,-2.05182826485,-0.352659017311,0,Train
27,-1.23754640858,-1.0718954082,0,Val
28,-0.968772405657,-0.653747731212,0,Train
29,-1.16095419737,-0.651431234741,0,Val
30,-0.631524842886,-1.70564589778,0,Train
31,-1.14359782732,-0.781697898583,0,Train
32,-1.65969443115,-0.559363356602,0,Test
33,-2.05207037921,-1.22770344225,0,Val
34,-0.643469877835,-0.414257194632,0,Train
35,-0.819666517327,-1.3690507201,0,Train
36,-1.13144589923,-0.761621612018,0,Val
37,-1.18636444648,-2.38516856842,0,Test
38,-1.12741099782,-0.609100908486,0,Train
39,-1.68201442654,-1.11448410231,0,Train
40,-0.511169157069,-1.45502239117,0,Train
41,-1.45746961999,-1.11811173424,0,Val
42,-0.408572942949,-0.866042621985,0,Val
43,-0.185059117707,-1.33658330433,0,Train
44,-1.27243228072,-0.0188405376431,0,Train
45,-1.27472379355,-1.44342588624,0,Train
46,-1.55021786216,-1.4077740535,0,Train
47,-1.91097382942,-0.80457948708,0,Train
48,-1.01602861807,-0.883864706183,0,Train
49,-1.25229457736,-1.37136262497,0,Val
50,-0.545916285112,-0.34591925371,0,Train
51,-1.47640441885,0.181976457752,0,Val
52,-0.941032032051,-0.348554773101,0,Val
53,-0.568957855196,-0.410940869054,0,Test
54,-1.12100842868,-1.40938746284,0,Val
55,-0.923826110209,-0.481509501749,0,Test
56,-0.525964667762,-0.763350316072,0,Val
57,-1.30430182438,-0.567091027905,0,Val
58,-0.223825609016,-0.0855191690223,0,Train
59,-1.48017681182,-0.75675748117,0,Train
60,-1.10106806411,-0.620829660788,0,Test
61,-0.780869529344,-0.866309116204,0,Train
62,0.236347406728,-0.227940353808,0,Train
63,-1.26448147202,-0.970700652111,0,Train
64,-0.391061519179,-1.37860927563,0,Train
65,-0.801511471184,-1.06707000567,0,Train
66,-1.02904505803,-0.978970680314,0,Train
67,0.137742411049,-0.847456839459,0,Train
68,-1.0996961725,-2.07737069023,0,Train
69,-1.10228414098,-1.27319107742,0,Val
70,-1.73053287195,-1.0081103826,0,Val
71,-1.31899288387,-1.43557146955,0,Train
72,-1.36066307424,-0.664381923349,0,Train
73,-0.980393672362,-0.914227097262,0,Train
74,-1.29489198666,-1.9501931239,0,Train
75,-1.21656897692,-0.470930259514,0,Train
76,-1.19673450974,-1.05170274355,0,Train
77,-2.55535978661,-1.34586329917,0,Test
78,-0.78242896144,0.326982447615,0,Train
79,0.800324753659,-0.678652419189,0,Val
80,-0.605044812021,-0.872480607435,0,Test
81,-0.360871723176,-2.6925801115,0,Val
82,-2.0827302478,-0.969127421025,0,Train
83,-0.892078196009,-0.566851744872,0,Train
84,-1.61790252919,-0.0817611447996,0,Val
85,-0.472975693722,-1.56685761759,0,Test
86,-0.838527552938,-0.688311769041,0,Train
87,-0.512096907782,0.147892990848,0,Train
88,-0.53308300099,-0.624638323329,0,Train
89,-2.71427235455,-1.28318439253,0,Val
90,-0.681046107082,-1.69475478753,0,Train
91,-0.255014002691,-1.08061613224,0,Train
92,-1.03609752788,-1.04532260292,0,Test
93,-0.591050700078,-1.38621567679,0,Test
94,-0.453324254467,-1.17301478547,0,Train
95,-1.88601117184,-0.968038410133,0,Train
96,-1.25698200179,-1.13458145247,0,Val
97,-1.26237107545,-0.859121411137,0,Train
98,0.354179394662,-1.25000908851,0,Val
99,-0.594815131858,-1.32194453133,0,Test
100,-1.9911496937,-1.01819640339,0,Train
101,-0.845928732973,-0.564308857588,0,Val
102,-0.426573557781,-0.785473332113,0,Val
103,-1.42011825605,-1.25471717153,0,Test
104,-0.950927646678,-1.02884480952,0,Train
105,-0.900067763613,-1.51254890297,0,Train
106,-0.134349745532,-1.44981942868,0,Train
107,-1.16562437962,-0.681344547661,0,Val
108,-0.525447366948,-0.220697417868,0,Train
109,-1.7374117184,-1.12821881474,0,Train
110,-1.41052744715,-1.509194847,0,Test
111,-1.34556221273,-0.534950377295,0,Train
112,-0.504844067449,-1.4385739329,0,Train
113,-0.575131239223,-0.755075364773,0,Train
114,-1.30205900385,-0.90453256585,0,Train
115,-0.279932259107,-0.0851244665113,0,Train
116,-1.33316795676,-0.507233764502,0,Train
117,-0.926042489034,-1.03885911458,0,Val
118,-0.53761350969,-0.958800042761,0,Test
119,-0.982532053207,-1.51157959341,0,Test
120,-1.3716510888,-0.872680072212,0,Train
121,-1.66789338271,-1.00482188195,0,Val
122,-0.735953545277,-1.33106506482,0,Test
123,-0.593826377691,-0.447700980059,0,Test
124,-0.473922589593,-0.337214897638,0,Train
125,-1.19497086587,-0.417889169741,0,Test
126,-2.31241479558,-0.511863697786,0,Train
127,-1.91849112268,-2.17990753007,0,Train
128,-1.49827312944,-0.749638383178,0,Train
129,-0.514688628809,-0.306653335606,0,Test
130,-1.59707659353,-1.46743452552,0,Train
131,-1.9880465635,-1.69358647856,0,Val
132,-1.4495722504,-0.666820122092,0,Val
133,-1.32355428602,-1.26022529184,0,Train
134,-0.607057755925,-1.1789678411,0,Train
135,-0.986749525038,-0.089612409122,0,Val
136,-1.27987331799,-0.857079116174,0,Val
137,-1.23708583185,-1.05031180725,0,Train
138,-0.473890967572,-1.70633638608,0,Test
139,-1.20648024634,-1.82804764268,0,Val
140,-1.28298641734,-1.34605795698,0,Train
141,-0.850895248341,-0.0338390131329,0,Test
142,-1.78971217396,-0.887685180833,0,Test
143,-0.733216993292,-0.929745269496,0,Val
144,-1.3518817428,-0.615895105247,0,Train
145,-0.556905618952,-0.417108614925,0,Val
146,-0.746831337669,-0.572529930441,0,Test
147,-1.80301428272,-0.264087808729,0,Train
148,-1.00920698944,-0.680392756851,0,Val
149,-0.535521247943,-1.31141728377,0,Val
150,-1.03664919834,-1.63365538872,0,Test
151,-0.804720494324,-1.41598472104,0,Val
152,-0.709274851791,-1.6722396307,0,Train
153,-1.62713279434,-1.06929202882,0,Train
154,-1.38151747828,0.264559926613,0,Train
155,-1.93545326394,-1.5138563474,0,Val
156,-1.12845929863,-1.05222741054,0,Test
157,-1.12564555227,-1.28610561799,0,Train
158,-0.649947758664,-0.991919291674,0,Test
159,-0.589002267293,-1.13653935116,0,Train
160,-1.27743614946,-0.868921845318,0,Train
161,-1.60913578849,-1.72394025722,0,Val
162,-1.06059609892,-0.510169464811,0,Train
163,-1.47731186403,-1.21836729776,0,Train
164,-1.16234322808,-0.696555748502,0,Train
165,-0.67759282626,-1.74453710307,0,Test
166,-0.921866202065,-0.971790484721,0,Train
167,-0.435739976495,-0.396750435501,0,Train
168,-1.12559674362,-1.93638663882,0,Train
169,-1.94062374544,-0.728467732265,0,Train
170,-1.09537208577,-0.53676806272,0,Val
171,-0.214733157139,-1.57629336112,0,Train
172,-0.709891485779,-0.332608777615,0,Train
173,-1.24321720971,-1.77386731178,0,Train
174,-1.53483378171,-1.13543445376,0,Train
175,-1.74183543079,-0.15987990967,0,Test
176,-0.980841365176,-0.959998351399,0,Train
177,-0.705943807626,-1.23983919124,0,Train
178,-0.85765649942,-0.594094728417,0,Val
179,-0.818087883804,-1.23282090125,0,Train
180,-0.40059185984,-1.5195784916,0,Train
181,-0.764771232672,-1.02317200444,0,Test
182,-1.36783596369,-1.34657774201,0,Val
183,-0.63819452628,-1.04545609748,0,Train
184,-0.207413118027,-0.810633010814,0,Test
185,-0.686405006006,-1.42660907931,0,Train
186,-0.630086312152,-1.1127936833,0,Val
187,-0.83923980656,-1.49318124854,0,Train
188,-1.11320544796,-0.817117582721,0,Train
189,-1.27288893371,-1.68404407193,0,Test
190,-2.16208270827,-0.789730598755,0,Train
191,-0.0629607586833,-0.541208203659,0,Train
192,-0.372376990795,-1.75695089191,0,Train
193,-1.54274091544,-0.160651545364,0,Test
194,0.0563313966574,-1.91287644277,0,Train
195,-1.01349241954,-1.03204588191,0,Test
196,-0.78556261523,-0.928892935132,0,Train
197,-0.466579402454,-0.836891250689,0,Train
198,-0.974882823703,-0.951262795029,0,Test
199,0.0617051750074,-0.876369268221,0,Val
200,-1.09923912313,-1.49290520328,0,Train
201,-0.746454346253,-1.70452746838,0,Test
202,-1.39550120894,-0.558454616236,0,Val
203,-1.53824983811,-1.19711493529,0,Train
204,-1.08844402882,-1.50097847042,0,Val
205,-0.726504085112,-0.878227090457,0,Train
206,-1.22397195174,-0.574491130524,0,Val
207,-1.48973340108,-1.13028002443,0,Train
208,-0.678011880713,-0.6319783823,0,Train
209,-1.27181405304,-1.2208442081,0,Val
210,-0.694000566005,-1.20850345268,0,Test
211,-0.933917848274,-0.95585863329,0,Train
212,-0.750083364791,-0.72775325979,0,Train
213,-1.9047354577,-1.06674119945,0,Train
214,-1.17910705753,-0.351963887099,0,Train
215,-1.43729719031,-0.745730920564,0,Train
216,-0.707256542249,-0.628476205274,0,Val
217,-1.06441883897,-0.481115597127,0,Test
218,-0.500504220656,-0.930710673563,0,Train
219,-0.712355043448,-0.758549495839,0,Val
220,-0.882917098353,-0.260012706982,0,Train
221,-1.44881511856,-1.15200697607,0,Val
222,-1.12906846782,-0.12089677638,0,Test
223,-0.446155461268,-0.498628312521,0,Train
224,-0.848057245722,-0.458339733304,0,Train
225,-1.32423786751,-1.10022678177,0,Val
226,-1.26250227817,-0.570460385288,0,Val
227,-0.508436960835,-1.34773228568,0,Train
228,-1.77561501795,-0.659749662592,0,Train
229,-1.12577776257,-1.4443028454,0,Val
230,-0.322363578436,-0.44522353326,0,Val
231,-1.10063572027,-0.534798189354,0,Test
232,-1.06197346118,-1.37899524299,0,Train
233,-1.15438022131,-1.3626895741,0,Val
234,-0.932932221258,-0.953779527792,0,Train
235,-0.852289939057,-0.376481647812,0,Val
236,-1.25690913142,-1.55919346775,0,Val
237,-1.74890661686,0.287276857586,0,Test
238,-1.41935105702,-1.35871818016,0,Train
239,-0.841327693017,-1.56035607267,0,Test
240,-2.32192517247,-0.530214007005,0,Train
241,-0.839624383988,-2.06940461835,0,Train
242,-1.08683570172,-1.66552003416,0,Train
243,-0.646213792225,-1.06631513189,0,Train
244,-0.827374338111,-0.563381976234,0,Test
245,-1.60680157723,-0.771391971596,0,Train
246,-1.05023796672,-1.0032355815,0,Test
247,-1.54071650312,-1.19088521662,0,Test
248,-1.11345954773,-1.16805701387,0,Train
249,-1.08560414519,-1.52878585425,0,Train
250,-0.0799047467202,-1.27916916211,0,Test
251,-1.30012860976,-0.754456528261,0,Train
252,-0.882434980062,-0.186436864607,0,Train
253,-0.941105453448,-1.44410798024,0,Val
254,-0.457495522968,-0.940631513729,0,Test
255,-1.18268805547,-1.59414862715,0,Test
256,-1.46280937741,-1.2764789997,0,Val
257,-0.120205546189,-1.3758233598,0,Train
258,-1.51807898423,-0.676277471706,0,Train
259,-0.327919271072,-0.797189193837,0,Test
260,-0.967740736523,-0.721362687471,0,Train
261,-0.991654012622,-0.538636951628,0,Train
262,0.117831197199,-0.401935924108,0,Train
263,-1.07415559647,-1.31072387872,0,Train
264,-0.558350222217,-0.132903678727,0,Train
265,-1.49310460428,-2.10302339695,0,Train
266,-0.442537129754,-1.25279946859,0,Test
267,-1.51573428691,-1.39285684458,0,Train
268,-0.950628781717,-0.47915814231,0,Train
269,-0.920823408328,-0.356611457522,0,Test
270,-1.84806277697,-0.597798466648,0,Val
271,-0.268571569804,-1.27441224586,0,Train
272,-1.16367978152,-0.97941969561,0,Val
273,-1.26966189351,-0.592406803504,0,Val
274,-0.848455927617,-0.994082918328,0,Train
275,-0.838446422421,-0.870017953117,0,Train
276,-1.33367297013,-0.746441163634,0,Test
277,-0.54557555777,-0.432603134158,0,Val
278,-1.44141510747,-1.0508977274,0,Train
279,-0.720270840486,-0.818414466656,0,Train
280,-0.653607406297,-1.05575587084,0,Val
281,-1.06955963463,-0.525808736112,0,Val
282,-1.0210057468,-0.147074978946,0,Train
283,0.0574817393726,-0.891284064963,0,Train
284,-1.42251510849,-0.952314294662,0,Train
285,-0.6795210276,-1.29546169233,0,Train
286,-1.20793328711,-0.689757303777,0,Train
287,-1.01418996547,-0.405990235133,0,Test
288,-1.03451742139,-1.01919261929,0,Test
289,-0.521733456532,-0.344903763673,0,Train
290,-1.25403075415,-1.10193341367,0,Val
291,-1.11191017513,-0.950951314567,0,Train
292,-1.61003361855,-0.839389820642,0,Train
293,-0.572488375432,-0.845267862852,0,Train
294,-0.988567951866,-1.30240690376,0,Val
295,-1.97769072026,-0.229845127213,0,Train
296,-0.848945832537,-1.09417463594,0,Test
297,-0.226165521605,-0.569692719523,0,Val
298,-1.36214774635,-1.66407073987,0,Train
299,-1.17004110214,-0.0670147346304,0,Val
300,-0.718516558864,-0.760382364385,0,Val
301,-0.678001940801,-0.762868880143,0,Test
302,-1.42471927708,-1.00829983586,0,Train
303,-0.631744384459,-0.899714444807,0,Val
304,-0.750641973526,-1.12800337925,0,Train
305,-1.13243390734,-0.709399641413,0,Test
306,-1.43329789295,-1.00111339899,0,Train
307,-1.29770460549,-1.31325062485,0,Val
308,-1.20243047737,-1.33907080951,0,Val
309,-0.565290659276,-0.457473370152,0,Train
310,-0.685185540571,-1.44804830998,0,Train
311,-0.726799468613,-1.51163897917,0,Train
312,-0.465309005577,-0.599304388728,0,Test
313,-0.419467953926,-0.0636538680704,0,Val
314,-0.637028116577,-0.306726015857,0,Test
315,-1.09239731574,-1.42598318623,0,Train
316,-0.53332279328,-1.44408000344,0,Train
317,-0.97018791444,0.19566476249,0,Train
318,-0.719562287541,-1.01106013208,0,Train
319,-1.94370031865,-1.42400987007,0,Train
320,-1.18676269066,-1.47952479698,0,Test
321,-1.16040644548,-0.738956327727,0,Val
322,-0.62365955274,-0.9798300381,0,Test
323,-1.17757891931,-0.319522172029,0,Test
324,-1.63163017671,-1.19338753963,0,Train
325,-1.32256901245,-1.7697959025,0,Train
326,-0.0336298215201,-1.58075126088,0,Train
327,-0.375621389982,-0.838651625588,0,Val
328,-0.907765656779,-1.15163641863,0,Train
329,-1.0327035595,-0.962722782546,0,Test
330,-1.55451815934,-1.47482591292,0,Train
331,-1.04634430552,-0.773439497605,0,Test
332,-1.45738523477,-0.897527173261,0,Test
333,-0.326868341686,-0.304486891509,0,Train
334,-1.3103565168,-0.269509754853,0,Test
335,-0.734740390485,-1.30519446653,0,Val
336,-1.19758653335,-0.966414940189,0,Test
337,-1.69365954273,-1.63478138821,0,Val
338,-0.711712098902,-0.714316843792,0,Val
339,-1.60788513885,-0.589990301679,0,Train
340,-0.566479748187,-1.45676914482,0,Train
341,-1.15325047232,-1.84331997991,0,Train
342,-1.24268805192,-0.615922804674,0,Train
343,-0.355374176038,-1.06717916997,0,Test
344,-0.628493022971,-1.3088385925,0,Train
345,-1.51896150976,-0.89796792353,0,Train
346,-1.4032413879,-1.12765660334,0,Train
347,0.102309154949,0.15125407599,0,Val
348,-0.679004279838,-0.905321591541,0,Train
349,-0.612222491703,-0.922097929693,0,Train
350,-1.67369885001,-0.497158405902,0,Train
351,-0.407183000408,-0.632595235192,0,Test
352,-0.851424565303,-1.12356554497,0,Val
353,-1.17032129848,-0.66318568289,0,Train
354,-1.2956092875,-0.796260125515,0,Test
355,-1.58265582802,-1.39086101994,0,Val
356,-0.973425437228,-0.418868656047,0,Train
357,-1.05266683126,-1.82486427181,0,Train
358,-0.722826682092,-1.43185039852,0,Train
359,-1.06163372192,-0.893782417216,0,Test
360,-0.975050066166,0.174136383686,0,Train
361,-0.662106639843,-0.563315437159,0,Train
362,-0.962645042064,-0.0714268877295,0,Test
363,-1.34012064062,0.152413482864,0,Train
364,-1.84394942009,-1.00075992348,0,Test
365,-0.704895609626,-1.11143383273,0,Test
366,-1.29721468122,-1.24644513757,0,Test
367,-0.248780204467,-1.59332210585,0,Train
368,-0.695506502887,-1.21623360325,0,Test
369,-1.39507352149,-0.99593445488,0,Val
370,-1.21462914641,-1.6555202608,0,Val
371,-1.19765740731,-1.59960650459,0,Test
372,-1.33720365258,-1.14040842107,0,Val
373,-1.02849795743,-0.770146666529,0,Train
374,-0.855683107108,-0.904042386123,0,Train
375,-1.14138105883,-0.566343646539,0,Train
376,-0.643306447633,-0.694867309351,0,Train
377,-0.644438104781,-0.808775478618,0,Train
378,-0.62588502876,0.0213486903017,0,Train
379,-0.999601979643,-0.28070212383,0,Train
380,-0.740888726238,-0.293511522919,0,Val
381,-1.06859647864,-0.331860947226,0,Train
382,-0.542272825101,-1.48108258469,0,Val
383,-0.569569028751,-1.14702050362,0,Test
384,-1.53983101216,-0.800408820821,0,Train
385,-1.02155551247,-0.397359302704,0,Val
386,-0.299063730301,-0.987328659569,0,Train
387,-1.27238212036,-0.391848788062,0,Train
388,-2.26371169728,-1.74264111005,0,Train
389,-0.150010106288,-0.468507836873,0,Train
390,-0.642443453761,-0.109246017455,0,Val
391,-1.51719009909,-1.36626407431,0,Train
392,-0.565785498935,-1.634260781,0,Train
393,-1.14715986706,-0.950648525212,0,Val
394,-1.92502761392,-0.486775619147,0,Train
395,-0.511030213043,-1.79037332707,0,Test
396,0.0377429135284,-0.649484789322,0,Train
397,-1.0014090676,-0.539221288164,0,Val
398,-1.62558059989,-0.299635559969,0,Train
399,-1.6926351435,-1.37190610817,0,Test
400,-0.527044032707,-0.603033208917,0,Train
401,-1.68417766276,-1.93531827156,0,Train
402,-0.798697673586,-0.693099122725,0,Train
403,-1.12747515376,-0.450024793887,0,Val
404,-1.48448877534,-1.3548296382,0,Val
405,-1.06400647754,-1.13698420902,0,Train
406,-0.973007575396,-1.42342817065,0,Train
407,-1.88539090417,-0.667961744358,0,Train
408,-0.385619953317,-1.39899462422,0,Val
409,-0.740881288634,-0.673112774021,0,Train
410,-0.870716208813,-0.726273796589,0,Train
411,-0.849252877386,-0.613186058134,0,Train
412,-0.381477935225,-0.306614973486,0,Val
413,-0.57446163918,-0.675972844803,0,Val
414,-1.08506271038,-1.68804801306,0,Train
415,-0.61831263568,-1.12625213006,0,Train
416,-1.45795541104,-0.487053030495,0,Train
417,-2.29545347537,-1.1300336787,0,Test
418,-0.264388954554,-1.25295142279,0,Val
419,-0.172149809141,-0.846756749925,0,Train
420,-0.342737010971,-1.62393769891,0,Train
421,-0.764919996124,-1.70561692432,0,Train
422,-0.600322808218,-0.330696823548,0,Train
423,-1.46365415629,0.0670413977779,0,Val
424,-0.141978357962,-0.80710036717,0,Val
425,-1.69645783319,-0.240103142927,0,Train
426,-1.20961406874,-0.78010753355,0,Train
427,-1.06704029888,-0.345504901614,0,Train
428,-0.276706769458,-0.329296748398,0,Test
429,-1.71528723202,-0.738667470712,0,Train
430,-0.804916579452,-0.547594563492,0,Train
431,-0.873793771944,-1.38774814885,0,Train
432,-0.811331069828,-1.63223766365,0,Train
433,-1.39030719856,-0.367724280756,0,Train
434,-0.977708721398,-1.20568400352,0,Train
435,-1.8802359755,-1.52974698985,0,Train
436,-1.25780671859,-1.45077627859,0,Test
437,-0.725088930229,-1.6401374617,0,Train
438,-0.905154863885,-1.78287192853,0,Test
439,-0.213501409109,-0.792549735757,0,Train
440,-0.512887030709,-0.328012650111,0,Test
441,-1.1403911776,-1.7219120732,0,Train
442,-1.73101669957,-0.764878806969,0,Train
443,-0.385541093539,-0.879937748758,0,Train
444,-0.602426642057,-0.636177848504,0,Train
445,-0.427079363926,-1.54645728167,0,Val
446,-1.12007301782,-1.77736871002,0,Train
447,-1.16177494205,0.132660400354,0,Train
448,-1.27715442101,0.134235327756,0,Train
449,-1.39206119925,-1.218742318,0,Train
450,-1.57113478079,-1.46528907703,0,Train
451,-0.673089135602,-1.38536227482,0,Test
452,-1.10683017491,-1.84409115913,0,Val
453,-0.503239659021,-1.38915534728,0,Train
454,-0.920225736096,-0.110528790126,0,Test
455,-1.24266519604,-0.333508739015,0,Train
456,-0.722067732527,-1.16118297066,0,Train
457,-0.862024084787,-0.707320619277,0,Val
458,-1.37279743388,-1.84579084001,0,Test
459,-0.606903158199,-0.82588691557,0,Train
460,-1.67876347875,-1.05834312888,0,Val
461,-0.962099399005,-1.20995271996,0,Val
462,-1.17623844551,-0.536382672983,0,Train
463,-0.467958433428,-0.980684690519,0,Train
464,-1.98353860985,-0.84857107509,0,Train
465,-1.82537943861,-0.66861933187,0,Train
466,-0.694283026773,-1.42666470999,0,Test
467,-1.17678405088,-0.556249738026,0,Val
468,-0.659916352256,-1.3163492597,0,Val
469,-0.131761643968,-1.94101931106,0,Test
470,-0.890244371351,-1.52219330403,0,Train
471,-1.3628859655,0.137911890328,0,Train
472,-0.612006795902,-1.52779261543,0,Val
473,-0.737134868977,-0.332164842323,0,Train
474,-0.974546796956,-0.541891529517,0,Train
475,-0.914541395696,-0.804109062982,0,Train
476,-1.6076959059,-1.29212609931,0,Train
477,-1.90065431469,-1.46280998631,0,Val
478,-1.24787346886,-1.1114343052,0,Train
479,-1.61066088993,-0.453881805328,0,Train
480,-0.657178509817,-0.920647750267,0,Test
481,-0.743455757557,-0.833489192957,0,Train
482,-1.19206147331,-1.52227997182,0,Test
483,-0.693281121396,-0.90710935121,0,Train
484,-0.484661453307,-0.997995874932,0,Val
485,-1.07498182741,-1.83375202159,0,Val
486,-1.93124193319,-0.852805004991,0,Val
487,-1.75098400558,-1.07176776559,0,Train
488,-1.96764409234,-0.916350788366,0,Train
489,-1.73089500916,-1.40072685255,0,Test
490,-0.755635032751,-1.75543598886,0,Test
491,-0.37451197332,-0.42895935482,0,Train
492,-1.45708915982,-2.43217599968,0,Train
493,-1.13256209309,-0.799626260393,0,Train
494,-1.7153183462,-0.954261917901,0,Test
495,-1.15727012475,-0.403993041962,0,Val
496,0.315553391398,-1.43265662573,0,Train
497,0.0574524651216,-1.23123735466,0,Test
498,-0.608173035706,-1.15170515782,0,Test
499,-1.12522237206,-1.02379630929,0,Train
500,0.362581656556,0.470855995147,1,Test
501,1.84444017414,2.12570455593,1,Test
502,0.28430808319,1.1363690809,1,Test
503,1.40310228151,0.342505883335,1,Train
504,2.05365054517,1.70772978243,1,Train
505,1.43473546858,0.508716868864,1,Train
506,1.5233420454,0.87869470024,1,Test
507,1.24395194508,1.03896544903,1,Train
508,0.316960372358,1.75806597355,1,Test
509,1.41451532012,1.62550239705,1,Val
510,1.24254974267,1.04772454853,1,Test
511,0.870417503774,0.719995785826,1,Val
512,2.02649806415,1.50502171247,1,Val
513,0.40524815695,0.459159556979,1,Train
514,1.78265288065,1.14587275947,1,Val
515,1.47442237089,1.29997415491,1,Val
516,1.68682858597,0.190954889574,1,Train
517,0.765412249894,1.11904710114,1,Train
518,1.57151769789,1.23579272791,1,Train
519,1.0552317185,2.22814573611,1,Val
520,1.86424129225,0.710651602943,1,Train
521,0.541347821004,0.835158090772,1,Val
522,1.56753763965,0.980979343713,1,Train
523,0.741230707535,0.752235608575,1,Train
524,1.53088619135,1.07931316458,1,Train
525,1.10868120421,0.780053125278,1,Train
526,0.39251734386,1.62746655194,1,Val
527,1.68824147746,0.358753506659,1,Train
528,1.06041269695,0.65689891451,1,Train
529,1.54046610488,0.678281867985,1,Test
530,1.73683755598,0.872089970386,1,Train
531,1.57334105168,1.67749231144,1,Train
532,1.27667030061,1.49344855302,1,Test
533,1.16594460172,1.39444877794,1,Train
534,1.00589785492,1.27532894444,1,Train
535,1.22532290304,-0.659046184617,1,Val
536,0.690390535024,0.656798205301,1,Train
537,0.84563687614,0.74568421381,1,Train
538,0.771431008731,1.36463539934,1,Val
539,0.61226499879,0.561948311727,1,Train
540,0.512589890199,0.58595616944,1,Train
541,0.95686035266,0.786140758531,1,Train
542,0.689149448273,0.707356490237,1,Val
543,1.36557090775,0.448043219056,1,Train
544,0.776464267204,1.42142684714,1,Train
545,0.943705730602,0.628970230341,1,Train
546,1.34384407323,1.54190561994,1,Train
547,2.09377940985,0.593514744194,1,Val
548,1.82467180813,0.924586087767,1,Train
549,0.95687172346,1.50501922959,1,Test
550,1.29706298389,0.649521885956,1,Train
551,1.36673283786,1.3855888198,1,Train
552,0.912383577536,0.493740642993,1,Train
553,0.859409546239,0.750843650211,1,Train
554,2.02237981305,1.65136022859,1,Train
555,1.24081299905,1.23240579001,1,Test
556,1.16151005571,1.14814978325,1,Train
557,0.385817603425,0.329433894847,1,Val
558,1.60001203561,0.75520078966,1,Val
559,1.45458244077,1.34189420795,1,Train
560,1.06789260279,1.63045128566,1,Train
561,1.01956971765,1.22331771301,1,Train
562,0.967228168767,0.805031965359,1,Val
563,1.54417938612,0.853308800926,1,Train
564,0.668735156505,1.32453383114,1,Train
565,1.06916625957,1.1657954424,1,Test
566,1.41052383831,1.39696570006,1,Train
567,1.4931348216,1.25558325598,1,Train
568,0.490625756073,0.982255489554,1,Train
569,1.00642827392,0.372374513659,1,Test
570,1.15624666084,0.946982760856,1,Train
571,0.79378636333,1.3425108541,1,Train
572,0.805946867249,1.14743520416,1,Train
573,1.13244700419,0.541287487534,1,Train
574,0.891105145741,1.20760262046,1,Test
575,1.48126309465,1.98574538411,1,Test
576,1.06734904207,1.78162605172,1,Train
577,0.706719008335,2.09259249269,1,Test
578,1.13002925739,1.99796821958,1,Test
579,1.88342865915,0.414287919146,1,Train
580,1.18687216865,1.03164808466,1,Val
581,0.162697957856,2.01258281953,1,Train
582,0.277206261234,2.39724335986,1,Val
583,1.73998548098,0.935000537055,1,Train
584,0.785436080002,0.864550110846,1,Train
585,0.775674814064,0.720146702958,1,Test
586,0.932616155727,0.604751019613,1,Val
587,1.21811885656,1.76767392561,1,Val
588,1.14691220843,1.15833182078,1,Train
589,0.384532638948,0.167146602732,1,Train
590,1.89684159387,0.0860028724839,1,Train
591,1.0273546317,1.12761553795,1,Val
592,-0.0573283795386,0.684829202327,1,Train
593,1.26337809395,1.43444385352,1,Test
594,1.32439739826,0.751809584057,1,Train
595,1.05132175305,2.08165395851,1,Test
596,0.979989923937,0.774998963859,1,Train
597,1.50580816128,1.18868487006,1,Train
598,0.977522322561,0.464326936829,1,Train
599,0.390233740066,1.53302350188,1,Test
600,1.40892306506,1.32512625591,1,Train
601,-0.339684703072,0.538333687236,1,Train
602,0.953869718076,0.479541334366,1,Train
603,1.83403777099,0.669514158992,1,Test
604,-0.037133226561,1.79435214107,1,Train
605,0.630668515124,0.378719718062,1,Train
606,0.975541523844,1.88387650009,1,Train
607,0.88621512769,1.29630820362,1,Val
608,1.0133726167,0.829017759144,1,Test
609,1.06847969824,1.41401602068,1,Train
610,0.0339945074729,0.401666907362,1,Train
611,0.435429347289,1.77895379423,1,Train
612,0.508219400989,1.35217157805,1,Val
613,0.596297373597,1.03601680388,1,Val
614,1.50876293797,0.682813653347,1,Train
615,0.520351972681,1.13803597201,1,Train
616,0.196668015301,0.659881836567,1,Test
617,0.695371089354,0.943012627102,1,Train
618,0.777867220596,1.15069754027,1,Train
619,1.17109166453,0.957789009422,1,Val
620,0.607634702211,1.8956355537,1,Val
621,0.708489753776,1.17912632359,1,Train
622,0.947890013069,1.25660284329,1,Train
623,1.56052869419,0.851305070452,1,Train
624,0.816824170823,1.43669038283,1,Val
625,0.330055451258,0.636892036783,1,Test
626,2.02725880682,0.681362775306,1,Train
627,1.44689122743,0.87173976848,1,Train
628,1.15055308507,0.911297782798,1,Test
629,1.32060231196,0.973336286362,1,Train
630,0.313923189099,1.15817821569,1,Train
631,0.641554757394,1.11658993915,1,Train
632,1.51638748708,0.423355933667,1,Train
633,1.81787117816,1.22407576717,1,Val
634,0.969939856744,-0.0768302129547,1,Val
635,0.853403903402,0.654689859959,1,Train
636,0.980115512016,1.41773285141,1,Train
637,1.5639779023,1.12400098641,1,Train
638,0.518707933977,0.836629804016,1,Test
639,1.45426689875,1.03434824528,1,Train
640,0.059710709523,0.908851024329,1,Test
641,0.96925863611,0.746258460771,1,Train
642,0.555061036039,0.492692351303,1,Train
643,0.980139668373,0.772243537347,1,Val
644,1.3144471455,1.09158775053,1,Test
645,1.12713603697,2.14600971772,1,Train
646,0.493052383135,1.03983424256,1,Train
647,0.624898316223,1.64304965237,1,Test
648,0.795796446312,0.687786710113,1,Train
649,1.70143485205,1.08535539096,1,Test
650,0.4541413549,0.721199383398,1,Test
651,1.45604483831,1.25515247693,1,Val
652,1.24096927765,0.969369305097,1,Train
653,1.13904765229,0.273114102974,1,Test
654,1.09393294793,0.432665431352,1,Train
655,1.49826389472,0.312861605517,1,Train
656,0.550375418757,0.467494657405,1,Train
657,1.37744260719,0.466669499622,1,Test
658,0.597489698669,1.18287049299,1,Val
659,0.625835844754,1.24694513343,1,Train
660,0.513540890077,1.62047195638,1,Train
661,0.987414704218,1.37360433111,1,Val
662,0.847823059108,0.920419335765,1,Train
663,0.408551523271,1.18579692661,1,Train
664,0.211133648891,1.22110741846,1,Test
665,1.02993068841,1.96834884064,1,Train
666,1.59920309503,0.403814498101,1,Train
667,0.605077497221,0.655352928984,1,Train
668,2.54573851592,1.21237379002,1,Test
669,0.913733702574,1.06997330985,1,Train
670,-0.000472489646386,-0.122668582234,1,Val
671,0.158174277324,2.2096210778,1,Train
672,0.739609180559,1.56006326744,1,Val
673,2.13416043924,0.374593592073,1,Train
674,1.05157450051,1.39256837426,1,Train
675,0.653633171076,0.922958861542,1,Train
676,1.55904421364,0.726381534706,1,Train
677,0.581599786259,0.953612457947,1,Train
678,0.604555056701,1.77927599141,1,Train
679,1.20688737692,0.970776513433,1,Test
680,0.50181024722,1.25997965358,1,Train
681,0.782830473493,0.855721593,1,Test
682,0.754730839125,1.55834565024,1,Train
683,1.49225542279,0.884391308286,1,Val
684,0.761845495503,1.13755167785,1,Test
685,-0.0124880024665,1.28419924464,1,Train
686,0.817761087718,1.76610216844,1,Train
687,2.04187646473,1.31308263933,1,Train
688,0.0497283859134,1.35661613798,1,Val
689,0.655535922221,1.11834066169,1,Test
690,1.11274289564,0.720464372619,1,Val
691,1.15878752575,-0.372770747255,1,Train
692,0.155024901342,1.0385461571,1,Train
693,1.63357639459,0.755910911034,1,Train
694,-0.117642797531,1.35677107272,1,Val
695,0.646056643185,1.70102711172,1,Val
696,1.23171817128,0.954311131629,1,Train
697,0.420897361903,1.01426895317,1,Train
698,0.523583656129,1.07177796254,1,Train
699,1.65350626158,0.911800103465,1,Test
700,0.73562742175,0.654732570885,1,Train
701,1.00739095151,1.01611961141,1,Train
702,0.552946769937,0.949132264397,1,Val
703,1.60296906365,0.987410306967,1,Train
704,0.551689610825,0.912140853097,1,Val
705,0.854887933349,1.21084166902,1,Train
706,1.53504733278,1.16413197699,1,Val
707,1.2790516704,1.40885181861,1,Train
708,1.6386671856,1.58895588278,1,Test
709,1.21559001648,1.23827794833,1,Train
710,1.34957576126,1.18484227903,1,Test
711,0.726688564943,0.825262776636,1,Val
712,0.902136409887,0.594592158993,1,Train
713,1.51842202642,1.2409448924,1,Train
714,1.28029111084,0.840352890974,1,Test
715,1.55357127627,0.48524588286,1,Train
716,0.858449690059,1.40652284053,1,Test
717,1.25055778941,0.347278127435,1,Val
718,1.72403309749,0.583848038959,1,Train
719,0.586318448091,0.344775879794,1,Test
720,1.2197221804,0.62543767726,1,Train
721,0.925656537841,1.53205214236,1,Train
722,1.04551552632,0.807889857747,1,Val
723,0.990685691202,1.17292590756,1,Train
724,0.996322431554,0.891962830293,1,Train
725,0.830819792188,0.549481176313,1,Test
726,1.583988859,0.160234429943,1,Train
727,0.470538996371,0.584900112467,1,Train
728,2.3476067359,1.2934188286,1,Test
729,0.883471055433,1.23744102552,1,Train
730,0.782541819401,0.662404397524,1,Train
731,1.8456043681,0.751168183896,1,Train
732,0.926812747518,1.19963692632,1,Train
733,0.505914098013,0.0166388771342,1,Test
734,1.42909269012,0.849697432202,1,Train
735,1.01297803291,0.1001608182,1,Train
736,1.32377239727,0.575114026023,1,Test
737,1.60543033125,0.474492550845,1,Val
738,0.662495388189,0.643235594074,1,Val
739,1.11316972197,1.44201336125,1,Val
740,1.20944487509,2.19073857687,1,Train
741,1.06457340893,1.55077079235,1,Val
742,1.11081874136,0.977026696585,1,Val
743,0.188572335672,1.56489597254,1,Val
744,1.91434186392,0.950638073283,1,Train
745,1.27574834762,-0.406766890148,1,Test
746,0.948784421111,0.541012112542,1,Train
747,0.78940693963,0.691649431272,1,Test
748,0.841919157784,1.54143849126,1,Train
749,1.45839954162,0.168136306584,1,Train
750,0.347989639445,0.298574028321,1,Test
751,0.306145657513,1.24599595495,1,Val
752,1.18202408154,1.6248668172,1,Train
753,0.447110102621,1.27832711356,1,Test
754,1.17296433146,0.730267821413,1,Train
755,1.11704803049,0.420351109669,1,Train
756,0.670893597478,1.03132261208,1,Train
757,1.35977769104,0.831781908936,1,Train
758,0.891460548212,0.909782570315,1,Train
759,1.21976466397,0.647988527278,1,Test
760,0.117335252647,1.52009506281,1,Test
761,0.566301717434,0.727615630636,1,Val
762,1.28186436683,0.966673677353,1,Test
763,0.78375543058,1.29787485126,1,Train
764,1.79190375525,0.700763700806,1,Test
765,0.948349121164,0.576448312314,1,Val
766,-0.222462082341,1.27724905604,1,Train
767,0.481123909098,1.21866907507,1,Val
768,1.3552559804,1.70479319868,1,Train
769,1.19030569068,1.20068552956,1,Test
770,0.475538653618,0.432981415582,1,Test
771,0.399381199406,-0.161133606361,1,Val
772,0.208508803313,1.11511814576,1,Train
773,1.07000901744,0.360324120838,1,Train
774,1.55904722899,0.712835785448,1,Train
775,1.35853598065,1.11647620822,1,Val
776,1.36051718536,0.384830318958,1,Val
777,1.7071105167,0.928950495551,1,Train
778,0.640599021873,0.256942700314,1,Train
779,1.47955078472,1.86746539035,1,Train
780,-0.156620010984,0.852812032101,1,Train
781,1.13588449449,1.36610184194,1,Train
782,0.638850196299,0.862774403753,1,Val
783,1.43630093511,-0.167991164281,1,Train
784,1.4143209267,1.74391815796,1,Val
785,1.08761710893,0.896560335311,1,Test
786,0.911149151407,1.0768864482,1,Train
787,1.33684276012,1.49397332676,1,Train
788,1.04809980006,0.588340328678,1,Train
789,0.549005283462,0.99880065328,1,Train
790,1.90069909224,0.318042103764,1,Train
791,0.964376708064,0.392189796363,1,Train
792,0.735378020866,1.32632432984,1,Test
793,0.986548979756,1.64812247996,1,Val
794,1.42537172786,2.02311222728,1,Train
795,1.49282245096,0.850889133933,1,Val
796,0.588132466826,1.1102144472,1,Train
797,1.45039513543,0.914610449673,1,Test
798,0.751887756412,0.559707178588,1,Train
799,1.04915537579,1.61634647593,1,Train
800,0.890262652533,0.380773649776,1,Train
801,1.48814543387,1.50053006502,1,Train
802,0.579073842045,1.11813955706,1,Test
803,1.93323028993,0.585592846025,1,Test
804,0.677405898987,0.850625773408,1,Val
805,1.05567526232,1.20685673047,1,Train
806,0.686996127917,1.49545711928,1,Test
807,0.64877170383,1.1889316494,1,Train
808,0.487706657398,1.18023667778,1,Train
809,0.514038953573,0.993132850856,1,Test
810,-0.134633801347,0.681024785139,1,Train
811,0.220724830129,1.03568211746,1,Val
812,1.10319438443,1.18981393609,1,Train
813,1.27041553397,1.21025695473,1,Train
814,0.776674395776,0.952797533543,1,Val
815,0.140940382433,0.449028310377,1,Train
816,1.07844673754,0.296383947818,1,Test
817,1.25781856029,1.39245799854,1,Train
818,1.31449123893,1.07987464988,1,Train
819,1.1627431481,1.45999655803,1,Train
820,1.76190688822,1.07841996798,1,Train
821,0.475782890528,0.673810894662,1,Train
822,0.250739901152,1.23818879106,1,Train
823,0.656989821815,1.76809676197,1,Train
824,1.71914852444,0.583487182685,1,Train
825,0.507190157152,0.763443670339,1,Train
826,0.923174893043,1.16722164672,1,Train
827,1.45292768042,1.77826763313,1,Train
828,0.918279319375,1.81125718981,1,Train
829,1.4096042573,1.61337612202,1,Train
830,1.15958904316,0.548870483854,1,Val
831,0.680461294332,1.58162509516,1,Train
832,1.84911486547,1.05914637564,1,Test
833,0.919764202208,1.52301947996,1,Val
834,1.35747481118,1.44799784834,1,Train
835,1.02853219843,0.332334032685,1,Train
836,0.263866863677,1.27743758363,1,Train
837,1.7846580958,1.14326046755,1,Train
838,0.717730416422,0.0989071653332,1,Test
839,0.719701830035,0.32778477594,1,Val
840,1.16271493844,0.748417996724,1,Val
841,1.53685579271,-0.753599098908,1,Train
842,1.04747838746,1.49624715953,1,Train
843,1.03661855959,0.740934530178,1,Train
844,0.743148942498,0.462808865162,1,Train
845,0.915389207362,1.63455879597,1,Train
846,1.15045118563,0.669509428249,1,Train
847,0.765546094559,0.862591117758,1,Train
848,1.20895303957,0.0862815682297,1,Train
849,1.07098726145,1.43970945564,1,Val
850,1.67298957116,1.25438493013,1,Train
851,1.04400680004,0.574799401963,1,Train
852,1.61719571154,0.973533008011,1,Val
853,1.21172676007,0.961627839389,1,Test
854,1.86513384702,1.23366821416,1,Train
855,0.912831494067,0.857714439615,1,Test
856,0.709012453549,1.1377122332,1,Val
857,1.35835187791,1.46937636607,1,Train
858,1.48150616348,0.335524802016,1,Train
859,0.653799241541,0.973911143304,1,Train
860,0.276604465622,0.918220255733,1,Train
861,1.0448258595,0.803131149254,1,Val
862,0.0986191675669,0.247081212767,1,Train
863,1.17667423832,0.579667216095,1,Test
864,2.11504109736,1.00963865474,1,Train
865,0.782639507551,1.47279121688,1,Train
866,1.18511325852,0.371424241225,1,Train
867,1.0790159174,1.24549073329,1,Test
868,1.18088606974,1.53164898407,1,Val
869,0.721704013272,1.59207367925,1,Train
870,1.55537358877,1.3157501306,1,Train
871,0.766067315789,0.94378999653,1,Train
872,1.17145140906,1.12072192588,1,Train
873,0.837265238074,0.670592396126,1,Train
874,1.10734105287,0.740567317467,1,Train
875,0.652005762963,0.300664146963,1,Train
876,0.508872926005,0.666708222868,1,Val
877,2.12142588869,2.25566962103,1,Train
878,0.728620962867,1.40317337279,1,Train
879,0.660765355447,1.3649045557,1,Test
880,0.940047029517,0.947630488823,1,Val
881,0.581374153039,0.76284107438,1,Train
882,0.995410822087,0.85740622165,1,Test
883,1.70612928465,1.30734678421,1,Train
884,0.541340669267,2.19026924518,1,Train
885,0.078240718949,1.77641070927,1,Train
886,0.314141153679,1.7763053039,1,Train
887,0.294419645263,1.90024199539,1,Train
888,0.536002118938,0.483799910725,1,Train
889,0.415184783339,1.65859676815,1,Test
890,0.176472643125,1.16799501553,1,Train
891,0.718009443811,0.58214214319,1,Train
892,1.38106708666,1.8201847919,1,Train
893,1.53829717825,1.3529299235,1,Train
894,0.402791397862,0.164965206519,1,Train
895,1.04835884665,-0.0540779140934,1,Train
896,0.0266663475709,1.02164825457,1,Train
897,0.169303552196,1.00257566931,1,Train
898,0.156360058208,1.50132307721,1,Train
899,1.15365020038,0.95987508371,1,Train
900,1.94984383116,1.59122412027,1,Val
901,1.20041326547,0.904304968137,1,Train
902,0.333512793417,1.49877840216,1,Train
903,0.402589231275,1.3891988698,1,Train
904,1.11838628571,1.49277927662,1,Train
905,1.4352375076,1.13576480115,1,Test
906,-0.325439698448,0.189381894822,1,Train
907,0.978697916637,1.79560052501,1,Train
908,1.47335758557,1.37967449932,1,Train
909,0.292831607043,1.20895420548,1,Val
910,-0.261747312485,1.01796379887,1,Train
911,0.742957342244,0.716819523303,1,Train
912,0.621001885614,1.05347716757,1,Train
913,0.775412805627,1.12414019358,1,Val
914,0.756734314173,1.50352836718,1,Test
915,0.561093456668,1.25882122954,1,Train
916,0.772811490048,1.16152803113,1,Train
917,1.3290666155,0.704576529086,1,Val
918,1.02348759455,0.572864200418,1,Train
919,1.54961746511,1.28403454759,1,Test
920,0.503483156512,0.141077574881,1,Test
921,0.611285445392,1.31801993679,1,Test
922,0.748605412081,1.48043795898,1,Val
923,1.37865659359,1.44524749995,1,Val
924,1.04338081295,0.743767803658,1,Train
925,1.60308848293,1.15971658824,1,Train
926,0.251177629282,0.312341079222,1,Test
927,0.391711204222,1.77283336979,1,Train
928,0.669197868815,1.44536770831,1,Train
929,0.981376619808,0.991918050759,1,Train
930,1.01644288357,0.400195740952,1,Train
931,0.652545146317,1.57206005572,1,Train
932,1.20314959256,1.24136628107,1,Val
933,0.7561298831,1.71440535122,1,Train
934,1.68224987522,1.57411781846,1,Val
935,1.54170292077,1.60504327541,1,Train
936,1.99225781514,1.40289921862,1,Train
937,1.1157224199,1.14081149395,1,Train
938,0.548397858519,0.991490063892,1,Train
939,0.407072069723,1.21804152915,1,Train
940,1.27933911373,1.49116498122,1,Val
941,1.81740093471,0.693164392108,1,Test
942,1.20634266922,1.48594577115,1,Train
943,1.50060915564,0.924812586785,1,Train
944,1.0707523912,0.461757288267,1,Train
945,1.63521150539,0.957291985598,1,Val
946,1.04534240525,1.47638754429,1,Train
947,1.89282534418,1.60379452878,1,Train
948,0.364330833383,0.8147757269,1,Train
949,1.35469896853,1.0517325048,1,Val
950,0.903392413024,1.00943646983,1,Train
951,1.28953180676,1.43944687711,1,Test
952,1.52520523095,0.54585177464,1,Train
953,0.909662518237,1.48289868454,1,Val
954,0.616391208225,0.463525756833,1,Val
955,1.31223944428,0.966459158262,1,Test
956,1.00440624376,0.714351208915,1,Train
957,1.26524774827,0.303568223576,1,Train
958,-0.125056800554,1.17993415033,1,Train
959,0.551472044346,0.768169274464,1,Train
960,0.98799816731,1.56396196739,1,Train
961,1.6689780158,1.54030472426,1,Val
962,1.30185978472,1.0950464178,1,Train
963,1.79249981972,1.44717155508,1,Train
964,1.16660686845,0.575925583669,1,Train
965,1.15055475304,1.4963080587,1,Val
966,0.54824135855,1.40506914137,1,Train
967,0.932946354967,1.42034116176,1,Test
968,1.02434550243,1.5961969996,1,Test
969,2.47236731697,1.01936856083,1,Train
970,1.34041015891,0.47668504619,1,Train
971,0.409309115321,0.92388498254,1,Test
972,0.894832664213,0.233918362633,1,Train
973,0.757432453174,0.995395018409,1,Val
974,0.29147241573,0.883369334254,1,Val
975,1.01548840828,1.45052328666,1,Train
976,1.31318238491,1.54338169429,1,Train
977,1.21161721397,1.10462613801,1,Test
978,1.5902189116,1.00913969607,1,Val
979,0.939969209402,2.05818226051,1,Train
980,-0.535105487502,0.520545024478,1,Val
981,1.71598620637,1.14033602322,1,Train
982,1.12966578021,1.14881270531,1,Train
983,1.15523109084,2.47531473849,1,Val
984,1.3317434577,0.370126655706,1,Train
985,1.23974449949,0.728977857604,1,Train
986,2.20565052252,1.14054448512,1,Train
987,0.737293388773,1.14609712727,1,Test
988,1.66555389458,1.60567645542,1,Train
989,1.59978704057,0.65017434699,1,Train
990,1.25223820677,1.07340393793,1,Train
991,0.597335628086,1.47618167426,1,Test
992,0.450771610206,1.07174130278,1,Train
993,1.62742266822,2.06394393222,1,Train
994,1.20747614312,1.13238342802,1,Train
995,1.61754964373,1.06299965196,1,Train
996,1.21994821309,1.02520906741,1,Val
997,0.3551656574,1.19441542786,1,Test
998,-0.637117266785,1.81608977304,1,Train
999,1.14509641161,0.940115979476,1,Train
